Latitude,Longitude,2023 Rides,2022 Rides,2021 Rides,2020 Rides,2019 Rides,2018 Rides,2017 Rides,Municipality,Municipality
42.1048° N,70.9453° W,80646,57756,44956,39877,64458,46512,29620,Abington,Abington
42.4851° N,71.4328° W,47260,32240,19100,17037,44884,29906,17645,Acton,Acton
41.6807° N,70.9078° W,7532,5150,3220,2295,3752,1721,673,Acushnet,Acushnet
42.6242° N,73.1173° W,47,89,33,43,137,139,66,Adams,Adams
42.0695° N,72.6143° W,37495,25068,11775,13578,42411,31993,20918,Agawam,Agawam
42.2454° N,73.3962° W,3,1,0,0,3,1,1,Alford,Alford
42.8584° N,70.9300° W,25516,17390,13590,13006,25153,17394,9984,Amesbury,Amesbury
42.3732° N,72.5199° W,178043,149752,57857,89835,342082,338842,284506,Amherst,Amherst
42.6584° N,71.1370° W,172087,121821,77382,60566,152374,116797,85159,Andover,Andover
41.3532° N,70.7992° W,365,389,163,194,633,396,239,Aquinnah,Aquinnah
42.4154° N,71.1565° W,313958,236152,153441,138072,391537,342793,258133,Arlington,Arlington
42.6365° N,71.9098° W,1062,714,261,373,894,696,418,Ashburnham,Ashburnham
42.6784° N,71.8201° W,67,63,74,49,135,43,21,Ashby,Ashby
42.5276° N,72.7873° W,5,2,0,0,3,2,6,Ashfield,Ashfield
42.2615° N,71.4634° W,47872,30847,22641,21899,45415,31637,22053,Ashland,Ashland
42.5951° N,72.2262° W,217,153,73,57,152,121,42,Athol,Athol
41.9445° N,71.2856° W,174747,113321,78772,65838,114997,83287,46212,Attleboro,Attleboro
42.1945° N,71.8356° W,62809,44514,27943,27055,52588,38897,25034,Auburn,Auburn
42.1295° N,71.0364° W,61805,43623,33793,23813,35208,25409,16300,Avon,Avon
42.5612° N,71.5898° W,8875,5731,4178,4735,9982,5848,2149,Ayer,Ayer
41.7003° N,70.3002° W,335367,261563,195121,118954,218073,160010,114383,Barnstable,Barnstable
42.4226° N,72.1051° W,118,72,14,38,58,67,137,Barre,Barre
42.3315° N,73.0937° W,19,12,7,3,51,53,48,Becket,Becket
42.4907° N,71.2765° W,64780,49149,30753,24713,67343,50947,33117,Bedford,Bedford
42.2751° N,72.4101° W,2838,1975,628,1117,4628,4062,2754,Belchertown,Belchertown
42.0868° N,71.4745° W,24209,13916,9519,8859,16671,9797,5011,Bellingham,Bellingham
42.3956° N,71.1787° W,218114,161709,103946,94835,294005,255457,195807,Belmont,Belmont
41.8457° N,71.0845° W,3946,2494,2246,1825,2444,1223,878,Berkley,Berkley
42.3815° N,71.6378° W,6494,4670,3261,3462,6804,5016,3536,Berlin,Berlin
42.6706° N,72.5551° W,37,18,9,11,55,38,21,Bernardston,Bernardston
42.5584° N,70.8800° W,242851,168633,114243,101061,220311,165270,121950,Beverly,Beverly
42.5584° N,71.2689° W,161763,110201,74569,58366,122888,90906,60156,Billerica,Billerica
42.0334° N,71.5411° W,3296,2589,1777,2127,4034,2345,1332,Blackstone,Blackstone
42.1826° N,72.9365° W,29,7,8,15,66,37,26,Blandford,Blandford
42.4334° N,71.6078° W,2805,2063,1193,1173,3240,2143,1375,Bolton,Bolton
42.3601° N,71.0589° W,35558027,28736376,18352862,15923280,45295938,42201375,34911476,Boston,Boston
41.7400° N,70.6189° W,21425,16352,13559,9818,22130,15710,9595,Bourne,Bourne
42.4901° N,71.5165° W,8576,6350,3558,3451,8977,5732,3320,Boxborough,Boxborough
42.6615° N,71.0165° W,6480,4811,3340,2293,5148,3375,2526,Boxford,Boxford
42.3862° N,71.7198° W,8886,6212,3905,3274,5679,4602,2825,Boylston,Boylston
42.2070° N,71.0014° W,497951,380245,269431,223745,502199,417577,301293,Braintree,Braintree
41.7598° N,70.0823° W,15049,13587,8712,4880,15030,12529,9479,Brewster,Brewster
41.9901° N,70.9753° W,77540,48199,34235,26246,51835,34882,20900,Bridgewater,Bridgewater
42.1165° N,72.2078° W,133,140,24,44,257,128,43,Brimfield,Brimfield
42.0834° N,71.0184° W,1509485,1072709,844803,678342,978639,706754,433885,Brockton,Brockton
42.2165° N,72.1001° W,432,118,76,78,260,252,151,Brookfield,Brookfield
42.3318° N,71.1212° W,1602339,1268237,840606,817536,2458715,2347570,2074425,Brookline,Brookline
42.5901° N,72.7834° W,5,1,2,3,7,17,8,Buckland,Buckland
42.5048° N,71.1956° W,340927,248000,148304,120011,312336,240194,167853,Burlington,Burlington
42.3736° N,71.1097° W,5084366,3992586,2360396,2298990,7879235,7827584,6782366,Cambridge,Cambridge
42.1584° N,71.1448° W,168678,113230,76666,57703,119240,94089,63913,Canton,Canton
42.5295° N,71.3498° W,5788,4028,2075,1665,4762,3332,2345,Carlisle,Carlisle
41.8884° N,70.7689° W,7749,5606,4260,3705,5841,2906,1480,Carver,Carver
42.6273° N,72.8695° W,5,2,1,1,6,4,6,Charlemont,Charlemont
42.1334° N,71.9665° W,5813,3059,2213,2666,5381,3675,1927,Charlton,Charlton
41.6823° N,69.9595° W,31296,24729,17429,6598,31537,29309,21991,Chatham,Chatham
42.5998° N,71.3678° W,151655,108141,72291,57580,106969,78025,50358,Chelmsford,Chelmsford
42.3918° N,71.0328° W,890182,692588,492479,450260,967965,848347,656686,Chelsea,Chelsea
42.5612° N,73.1628° W,64,63,26,44,116,98,81,Cheshire,Cheshire
42.2795° N,72.9789° W,1,1,1,1,2,5,0,Chester,Chester
42.3834° N,72.8334° W,3,0,1,3,21,19,19,Chesterfield,Chesterfield
42.1487° N,72.5898° W,175486,112384,61737,79270,169518,127167,70278,Chicopee,Chicopee
41.3434° N,70.7565° W,1485,1573,1055,599,2609,1913,1241,Chilmark,Chilmark
42.7145° N,73.1048° W,4,2,1,2,16,13,8,Clarksburg,Clarksburg
42.4165° N,71.6834° W,13990,9786,6436,6730,11953,7589,4036,Clinton,Clinton
42.2412° N,70.7998° W,12621,8174,5111,4829,13720,8087,4661,Cohasset,Cohasset
42.6715° N,72.7001° W,2,3,0,1,3,3,0,Colrain,Colrain
42.4604° N,71.3489° W,63742,46766,26749,20917,64157,47892,32104,Concord,Concord
42.5095° N,72.6901° W,14,6,2,6,21,88,13,Conway,Conway
42.4601° N,72.9001° W,1,1,0,0,2,2,0,Cummington,Cummington
42.4701° N,73.1634° W,334,349,104,492,1605,1095,486,Dalton,Dalton
42.5751° N,70.9301° W,222887,160715,112437,86728,166388,121860,87187,Danvers,Danvers
41.6084° N,70.9345° W,113217,74309,52015,39156,68101,46355,23242,Dartmouth,Dartmouth
42.2438° N,71.1668° W,268402,203465,145572,120081,262104,204011,149793,Dedham,Dedham
42.5465° N,72.6051° W,909,785,393,638,2439,2017,1631,Deerfield,Deerfield
41.7351° N,70.1998° W,60717,48431,36671,21963,51707,41161,30197,Dennis,Dennis
41.8134° N,71.1234° W,4239,2970,1954,1502,2600,1384,681,Dighton,Dighton
42.0501° N,71.7501° W,1557,1205,564,836,2201,1285,579,Douglas,Douglas
42.2484° N,71.2823° W,11999,8663,4693,4059,12568,9187,6647,Dover,Dover
42.6723° N,71.3023° W,104004,72474,51936,39320,61798,45906,28181,Dracut,Dracut
42.0501° N,71.9334° W,4158,2654,1062,1398,3161,2577,1234,Dudley,Dudley
42.6751° N,71.4834° W,1079,857,449,688,1151,473,275,Dunstable,Dunstable
42.0415° N,70.6723° W,12286,8436,4852,4846,12661,9169,5143,Duxbury,Duxbury
42.0334° N,70.9501° W,28615,18085,11736,10851,19123,12721,7463,East Bridgewater,East Bridgewater
42.2165° N,72.0501° W,445,162,120,205,497,318,164,East Brookfield,East Brookfield
42.0634° N,72.5145° W,25859,16773,6597,10790,29990,23207,11974,East Longmeadow,East Longmeadow
41.8301° N,69.9734° W,6101,4884,3545,1907,5741,3753,2799,Eastham,Eastham
42.2665° N,72.6689° W,8528,6500,3284,5499,19111,15479,11762,Easthampton,Easthampton
42.0245° N,71.12917° W,73334,47735,34437,26469,50841,36288,22119,Easton,Easton
41.3895° N,70.5134° W,63416,49520,35927,22066,64693,55987,31050,Edgartown,Edgartown
42.1623° N,73.4101° W,12,8,1,2,12,20,9,Egremont,Egremont
42.6001° N,72.4001° W,10,10,1,2,25,31,15,Erving,Erving
42.6315° N,70.7823° W,2948,2119,1235,1091,3645,2026,1568,Essex,Essex
42.4084° N,71.0534° W,1174994,939449,708594,644701,1340481,1024778,775773,Everett,Everett
41.6373° N,70.9034° W,39386,24357,16364,12149,21101,12283,5244,Fairhaven,Fairhaven
41.7015° N,71.1550° W,510657,298228,220821,182263,237276,134119,59477,Fall River,Fall River
41.5532° N,70.6089° W,130653,94765,68479,41311,97395,72551,53249,Falmouth,Falmouth
42.5833° N,71.8027° W,111343,65892,40407,48686,97974,59813,25528,Fitchburg,Fitchburg
42.7001° N,73.0165° W,2,1,2,0,10,21,7,Florida,Florida
42.0651° N,71.2473° W,92176,63176,40622,28732,82113,69507,45633,Foxborough,Foxborough
42.2793° N,71.4162° W,553388,379571,276077,255902,538429,442384,321244,Framingham,Framingham
42.0834° N,71.4001° W,55056,32776,22634,20208,45935,30815,19788,Franklin,Franklin
41.7834° N,70.9334° W,8376,5147,3286,2499,2697,1678,889,Freetown,Freetown
42.5751° N,71.9951° W,9359,6290,3378,3757,7769,4063,1691,Gardner,Gardner
42.7251° N,70.9915° W,7274,4876,3530,2630,5673,3687,2488,Georgetown,Georgetown
42.6334° N,70.9915° W,64,25,11,17,110,137,119,Gill,Gill
42.6159° N,70.6619° W,31983,18474,10510,10283,28338,18491,8815,Gloucester,Gloucester
42.4434° N,72.7834° W,7,2,2,6,22,21,14,Goshen,Goshen
41.4817° N,70.7569° W,0,0,0,0,0,1,0,Gosnold,Gosnold
42.2070° N,71.6856° W,27537,17789,11170,10350,23881,19305,12281,Grafton,Grafton
42.2634° N,72.5201° W,2704,1860,693,1422,4092,3371,2490,Granby,Granby
42.0623° N,72.8615° W,10,4,3,8,23,86,35,Granville,Granville
42.1956° N,73.3623° W,155,129,62,62,427,445,351,Great Barrington,Great Barrington
42.5876° N,72.5995° W,905,650,343,584,2455,1977,1489,Greenfield,Greenfield
42.6112° N,71.5745° W,5008,3417,2237,2042,5443,3327,1943,Groton,Groton
42.7501° N,71.0323° W,7120,4214,2702,2039,3599,2595,1903,Groveland,Groveland
42.3412° N,72.5912° W,32468,24809,11485,15015,59412,55563,40317,Hadley,Hadley
41.9912° N,70.8612° W,7101,4691,3191,2711,5659,2917,2029,Halifax,Halifax
42.6395° N,70.8615° W,8576,5904,3790,3292,9001,5976,3630,Hamilton,Hamilton
42.0645° N,72.4315° W,1440,780,319,642,2857,2897,1501,Hampden,Hampden
42.5595° N,73.2701° W,29,51,23,35,185,186,121,Hancock,Hancock
42.1165° N,70.8112° W,40222,25777,18509,14349,28725,20272,13163,Hanover,Hanover
42.0665° N,70.8501° W,14002,8881,6496,5289,9962,6417,4012,Hanson,Hanson
42.3512° N,72.2012° W,22,12,4,5,9,13,12,Hardwick,Hardwick
42.5001° N,71.6001° W,7832,5467,3596,3322,7434,4080,2071,Harvard,Harvard
41.6865° N,70.0712° W,38990,31725,23113,12472,36179,28739,20683,Harwich,Harwich
42.3695° N,72.6045° W,1253,930,424,602,2054,1569,1535,Hatfield,Hatfield
42.7762° N,71.0773° W,406376,294590,214714,163499,263065,171284,104076,Haverhill,Haverhill
42.5795° N,72.8251° W,1,0,0,0,0,0,0,Hawley,Hawley
42.6734° N,72.7895° W,0,0,0,0,0,0,0,Heath,Heath
42.2412° N,70.8895° W,98137,72552,45466,37685,95464,71492,46794,Hingham,Hingham
42.4384° N,73.1201° W,166,88,11,12,157,129,57,Hinsdale,Hinsdale
42.1456° N,71.0203° W,69848,48370,36822,30577,48893,35015,23171,Holbrook,Holbrook
42.3512° N,71.8578° W,17670,11169,5967,5966,15937,13527,8938,Holden,Holden
42.0501° N,72.1578° W,49,26,8,12,46,19,9,Holland,Holland
42.2001° N,71.4245° W,13593,9417,6491,6026,13295,8398,5614,Holliston,Holliston
42.2043° N,72.6162° W,149139,98079,52153,71326,164750,122924,74232,Holyoke,Holyoke
42.1273° N,71.5373° W,3123,1644,1345,1622,3513,2228,988,Hopedale,Hopedale
42.2284° N,71.5223° W,19846,13271,8541,8265,20507,13636,8373,Hopkinton,Hopkinton
42.4734° N,72.0001° W,137,124,67,71,115,91,60,Hubbardston,Hubbardston
42.3912° N,71.5665° W,39479,26341,17539,19322,40837,27905,16573,Hudson,Hudson
42.3045° N,70.9078° W,18215,13408,9090,8275,18684,12325,7075,Hull,Hull
42.2434° N,72.8734° W,15,2,2,3,28,28,12,Huntington,Huntington
42.6795° N,70.8412° W,10956,9422,5577,5529,11180,7212,4632,Ipswich,Ipswich
41.9945° N,70.7245° W,34718,20299,14275,11896,24840,18179,10574,Kingston,Kingston
41.8456° N,70.9434° W,12820,8393,5052,3904,6883,4749,2591,Lakeville,Lakeville
42.4501° N,71.6801° W,4682,3350,2158,2632,4120,2594,1424,Lancaster,Lancaster
42.5434° N,73.2301° W,248,202,53,162,707,901,466,Lanesborough,Lanesborough
42.7070° N,71.1631° W,799967,549327,418634,340238,564928,454682,350752,Lawrence,Lawrence
42.3045° N,73.2489° W,320,270,116,262,1309,1693,801,Lee,Lee
42.2465° N,71.9065° W,18783,12163,7599,8042,16324,10046,5995,Leicester,Leicester
42.3562° N,73.2845° W,1049,862,378,654,3886,4137,2178,Lenox,Lenox
42.5251° N,71.7595° W,112401,69325,47226,54460,109255,68291,31382,Leominster,Leominster
42.4523° N,72.5001° W,279,217,51,70,486,405,294,Leverett,Leverett
42.4473° N,71.2245° W,180430,132342,76849,68235,208892,165044,122112,Lexington,Lexington
42.7034° N,72.6301° W,1,0,1,0,0,0,0,Leyden,Leyden
42.4251° N,71.3034° W,24724,19102,12266,9755,23681,17709,12847,Lincoln,Lincoln
42.5373° N,71.5123° W,19050,12120,7747,6777,18170,11165,6852,Littleton,Littleton
42.0501° N,72.5823° W,15039,11277,5113,6505,19945,15606,11785,Longmeadow,Longmeadow
42.6334° N,71.3162° W,1094246,793136,572755,482809,835423,677225,490389,Lowell,Lowell
42.1601° N,72.4765° W,15520,9664,4499,6345,16613,12432,7748,Ludlow,Ludlow
42.5934° N,71.7251° W,8290,5601,4015,4842,9328,6813,2631,Lunenburg,Lunenburg
42.4668° N,70.9495° W,1117875,789272,606745,546818,939354,740885,549822,Lynn,Lynn
42.5384° N,71.0489° W,56161,41596,27160,21043,51901,40948,31028,Lynnfield,Lynnfield
42.4251° N,71.0662° W,1096220,868243,641059,591527,1321495,1189082,906043,Malden,Malden
42.5773° N,70.7678° W,6294,4581,2730,2357,7092,5017,3353,Manchester,Manchester
42.0334° N,71.2189° W,77060,49486,31884,26289,63682,50394,30986,Mansfield,Mansfield
42.5001° N,70.8578° W,70680,49206,28945,23642,78113,61996,43184,Marblehead,Marblehead
41.7034° N,70.7634° W,3400,2001,1099,1125,2430,1465,852,Marion,Marion
42.3456° N,71.5523° W,198318,123689,85983,83125,184387,132263,84122,Marlborough,Marlborough
42.0912° N,70.7051° W,26741,18722,13126,11072,26384,16795,9019,Marshfield,Marshfield
41.6484° N,70.4812° W,32885,23321,18500,11707,22262,17617,12880,Mashpee,Mashpee
41.6623° N,70.8165° W,4674,2913,1389,1087,2306,1533,749,Mattapoisett,Mattapoisett
42.4334° N,71.4551° W,17730,11410,7278,6240,14001,9684,6295,Maynard,Maynard
42.1873° N,71.3065° W,15163,11161,6508,5357,14711,10229,7347,Medfield,Medfield
42.4184° N,71.1065° W,1021686,819583,569347,526024,1361292,1221229,966710,Medford,Medford
42.1412° N,71.3965° W,11681,6376,3989,4140,8875,6294,3326,Medway,Medway
42.4565° N,71.0662° W,188265,147105,102745,90492,207087,172571,129355,Melrose,Melrose
42.1051° N,71.5523° W,2692,2021,905,1068,2661,1886,907,Mendon,Mendon
42.8334° N,71.0034° W,4295,3548,2959,2180,3402,2341,1386,Merrimac,Merrimac
42.7301° N,71.1901° W,330895,225827,169201,126415,197190,150292,104578,Methuen,Methuen
41.8934° N,70.9178° W,27726,19697,13890,10719,16862,11114,5241,Middleborough,Middleborough
42.3434° N,72.9134° W,0,0,0,0,0,1,0,Middlefield,Middlefield
42.6012° N,71.0165° W,27943,21227,13377,8671,21790,17054,11809,Middleton,Middleton
42.1412° N,71.5165° W,51215,32462,22884,26525,51002,31475,16515,Milford,Milford
42.1945° N,71.7601° W,50006,35208,23020,18828,39792,32023,20164,Millbury,Millbury
42.1684° N,71.3545° W,8093,5461,3823,3261,6529,4483,3138,Millis,Millis
42.0334° N,71.5823° W,627,359,386,294,776,486,213,Millville,Millville
42.2501° N,71.0662° W,197080,151821,103419,88883,212776,173227,138761,Milton,Milton
42.7165° N,72.9334° W,0,0,0,0,0,0,0,Monroe,Monroe
42.1045° N,72.3189° W,540,222,89,220,1271,996,566,Monson,Monson
42.5351° N,72.5351° W,159,131,68,132,598,473,314,Montague,Montague
42.1834° N,73.2189° W,11,3,0,2,6,3,4,Monterey,Monterey
42.1834° N,72.8334° W,4,21,0,4,19,5,11,Montgomery,Montgomery
42.1001° N,73.4334° W,0,0,0,0,0,1,0,Mount Washington,Mount Washington
42.4265° N,70.9289° W,13288,10957,7245,5902,15170,11600,8948,Nahant,Nahant
41.2835° N,70.0995° W,346950,281611,175155,102572,366174,295596,184136,Nantucket,Nantucket
42.2834° N,71.3495° W,237151,172128,113908,99711,249849,200747,153110,Natick,Natick
42.2801° N,71.2401° W,207573,158597,95074,76039,213900,170592,124775,Needham,Needham
42.6165° N,73.2165° W,7,2,1,5,16,8,8,New Ashford,New Ashford
41.6362° N,70.9345° W,501688,326503,234531,190009,281498,164937,64621,New Bedford,New Bedford
42.3165° N,72.1501° W,23,6,3,3,4,9,1,New Braintree,New Braintree
42.1001° N,73.2165° W,6,1,1,1,3,0,11,New Marlborough,New Marlborough
42.4665° N,72.3334° W,17,3,2,0,3,6,5,New Salem,New Salem
42.8001° N,70.8665° W,6193,4792,3088,3043,7753,5838,4343,Newbury,Newbury
42.8123° N,70.8778° W,34332,23191,16582,19569,55704,40848,26196,Newburyport,Newburyport
42.3370° N,71.2092° W,1157852,905692,554969,493207,1439112,1292503,1051030,Newton,Newton
42.1195° N,71.3251° W,10120,7029,4350,3987,10288,7614,4468,Norfolk,Norfolk
42.7001° N,73.1089° W,322,352,150,155,799,710,431,North Adams,North Adams
42.6984° N,71.1351° W,122578,84755,60019,46582,96793,74917,55409,North Andover,North Andover
41.9834° N,71.3334° W,97004,64802,46275,35861,60857,45627,25230,North Attleborough,North Attleborough
42.2665° N,72.0834° W,369,212,113,154,306,203,127,North Brookfield,North Brookfield
42.5751° N,71.0789° W,43926,32202,19501,16660,36897,25839,17965,North Reading,North Reading
42.3251° N,72.6412° W,35651,25445,11185,23835,98354,83128,61570,Northampton,Northampton
42.3195° N,71.6412° W,41963,29819,22781,17640,35870,28986,19988,Northborough,Northborough
42.1501° N,71.6501° W,10715,7945,4907,5624,11367,7230,3570,Northbridge,Northbridge
42.6954° N,72.4526° W,9,7,3,3,15,14,13,Northfield,Northfield
41.9668° N,71.1861° W,36361,25202,18132,14852,25549,17089,11305,Norton,Norton
42.1618° N,70.8217° W,27533,20325,13648,11139,23538,17305,11215,Norwell,Norwell
42.1945° N,71.1995° W,255458,181542,123074,99935,192738,148620,99884,Norwood,Norwood
41.4543° N,70.5614° W,83471,68782,51077,29810,83948,70256,36770,Oak Bluffs,Oak Bluffs
42.3537° N,72.0481° W,162,57,18,24,86,56,39,Oakham,Oakham
42.5906° N,72.3098° W,86,46,19,24,45,40,24,Orange,Orange
41.7896° N,69.9900° W,14051,9689,6270,4037,12240,9565,6228,Orleans,Orleans
42.1895° N,73.0876° W,15,1,0,0,3,3,6,Otis,Otis
42.1165° N,71.8659° W,15191,11110,6411,6681,11518,8302,4220,Oxford,Oxford
42.1584° N,72.3287° W,2994,1684,656,1432,4409,3762,1876,Palmer,Palmer
42.3084° N,71.9298° W,3459,2680,1261,1609,3912,3721,2018,Paxton,Paxton
42.5279° N,70.9287° W,397321,286552,202903,164686,311797,240564,177346,Peabody,Peabody
42.3934° N,72.4648° W,299,285,66,177,880,852,655,Pelham,Pelham
42.0712° N,70.8098° W,23701,16701,11502,9260,17979,12406,7110,Pembroke,Pembroke
42.6656° N,71.6065° W,1788,1482,896,1284,2045,1170,570,Pepperell,Pepperell
42.3976° N,73.0967° W,4,3,0,0,20,75,51,Peru,Peru
42.5054° N,72.1640° W,24,11,5,8,19,24,5,Petersham,Petersham
42.5710° N,72.0856° W,95,45,25,29,57,20,8,Phillipston,Phillipston
42.4501° N,73.2453° W,10694,8231,2869,11514,42888,27189,10198,Pittsfield,Pittsfield
42.5252° N,72.9921° W,1,1,0,0,2,1,1,Plainfield,Plainfield
42.0274° N,71.3586° W,29955,17699,13061,10064,19195,14869,7841,Plainville,Plainville
41.9584° N,70.6673° W,147560,94210,64974,56163,115848,76095,38451,Plymouth,Plymouth
41.9555° N,70.7070° W,1984,1385,1122,772,1645,756,506,Plympton,Plympton
42.5222° N,71.8734° W,400,528,349,221,540,345,272,Princeton,Princeton
42.0678° N,70.1798° W,26765,19434,14596,6819,55065,48862,17382,Provincetown,Provincetown
42.2529° N,71.0023° W,1301725,973383,705761,645152,1428472,1245094,957311,Quincy,Quincy
42.1812° N,71.0389° W,374203,270321,213361,173276,268293,204084,137713,Randolph,Randolph
41.9534° N,71.0863° W,62496,39643,29829,21739,29728,21624,9518,Raynham,Raynham
42.5362° N,71.1077° W,92961,64568,42452,34988,83359,62540,45304,Reading,Reading
41.8670° N,71.1906° W,7920,5203,3539,3510,5885,3686,2492,Rehoboth,Rehoboth
42.4084° N,71.0117° W,1226400,917287,615417,540738,1132605,942044,722136,Revere,Revere
42.3673° N,73.3622° W,39,49,23,41,194,227,149,Richmond,Richmond
41.9300° N,70.8624° W,1587,971,554,575,653,258,219,Rochester,Rochester
42.1942° N,70.9288° W,82246,59944,42132,34638,59924,44289,26884,Rockland,Rockland
42.6556° N,70.6216° W,3563,2081,1033,968,3591,2604,1253,Rockport,Rockport
42.6613° N,72.9750° W,0,0,0,0,0,0,0,Rowe,Rowe
42.7340° N,70.7912° W,5720,4228,2962,2729,5631,3012,1989,Rowley,Rowley
42.6691° N,72.2582° W,10,2,1,4,4,2,0,Royalston,Royalston
42.2371° N,72.7812° W,93,41,6,20,124,140,71,Russell,Russell
42.4075° N,71.9230° W,2536,1872,754,1149,2089,1574,1124,Rutland,Rutland
42.5195° N,70.8967° W,599599,434849,279290,210721,484216,384148,296482,Salem,Salem
42.8508° N,70.8503° W,18624,13020,9324,8750,21886,14661,9109,Salisbury,Salisbury
42.0702° N,73.2610° W,2,0,0,0,0,5,1,Sandisfield,Sandisfield
41.7462° N,70.2843° W,16242,12507,9554,7637,13660,10038,6990,Sandwich,Sandwich
42.4653° N,71.0180° W,325705,244216,184680,145120,267001,212729,147714,Saugus,Saugus
42.6015° N,73.1171° W,1,1,0,1,0,1,1,Savoy,Savoy
42.2013° N,70.7253° W,13110,8552,5522,5841,16117,8595,5123,Scituate,Scituate
41.8194° N,71.2953° W,49137,36211,25309,21188,40413,30616,20062,Seekonk,Seekonk
42.1247° N,71.1773° W,48410,31469,18963,13746,38192,29103,19651,Sharon,Sharon
42.1059° N,73.3087° W,23,6,3,2,20,20,17,Sheffield,Sheffield
42.4746° N,72.8703° W,27,5,15,1,31,41,48,Shelburne,Shelburne
42.2157° N,71.3501° W,6039,4368,3228,2439,6905,5289,3614,Sherborn,Sherborn
42.5490° N,71.6213° W,2165,1477,1397,1207,3265,1476,510,Shirley,Shirley
42.2791° N,71.7139° W,136871,98551,63940,59300,123952,96014,64166,Shrewsbury,Shrewsbury
42.3664° N,72.4536° W,88,34,20,38,132,137,61,Shutesbury,Shutesbury
41.7200° N,71.1155° W,25916,16711,13715,9166,14278,7867,3849,Somerset,Somerset
42.3876° N,71.0995° W,2201208,1806044,1172672,1159701,3463968,3323087,2727951,Somerville,Somerville
42.2586° N,72.5872° W,17190,12069,5192,7808,27754,24713,16742,South Hadley,South Hadley
42.2581° N,72.6460° W,1070,630,460,712,2183,1672,1187,Southampton,Southampton
42.2787° N,71.5221° W,31968,18592,9735,11389,30365,23344,17824,Southborough,Southborough
42.0750° N,71.7211° W,8875,5455,2722,3038,7281,4307,1751,Southbridge,Southbridge
42.0340° N,72.8031° W,1328,573,163,542,2164,2025,1198,Southwick,Southwick
42.2652° N,71.8223° W,6430,4052,2629,3219,6411,4287,2658,Spencer,Spencer
42.1015° N,72.5898° W,867822,584722,323178,414354,915724,682690,378381,Springfield,Springfield
42.4479° N,71.7093° W,3976,3260,1831,2058,4069,2275,1338,Sterling,Sterling
42.2594° N,73.3253° W,200,141,38,112,952,1143,708,Stockbridge,Stockbridge
42.4634° N,71.0873° W,146374,107990,77848,63200,133128,99293,68701,Stoneham,Stoneham
42.1403° N,71.1052° W,224463,156967,117580,93083,143853,109030,70721,Stoughton,Stoughton
42.4259° N,71.5223° W,5246,3290,1832,2201,5622,3389,2161,Stow,Stow
42.0961° N,72.0870° W,6218,3808,1979,2184,6634,4511,2192,Sturbridge,Sturbridge
42.3601° N,71.4001° W,35199,24460,14043,12641,32114,22384,14547,Sudbury,Sudbury
42.5226° N,72.5229° W,4940,5125,1863,2088,6653,6768,5285,Sunderland,Sunderland
42.1675° N,71.7169° W,8326,5415,3905,4226,6657,4215,2483,Sutton,Sutton
42.4669° N,70.9249° W,95483,67220,45090,39462,88523,68911,51522,Swampscott,Swampscott
41.7594° N,71.1545° W,20441,13605,10700,7971,12572,9145,4329,Swansea,Swansea
41.9003° N,71.0892° W,242395,141672,102263,82111,118760,74694,31042,Taunton,Taunton
42.5965° N,71.9761° W,400,368,160,313,474,371,123,Templeton,Templeton
42.5658° N,71.1900° W,144739,107622,83383,63475,95785,72663,48677,Tewksbury,Tewksbury
41.4542° N,70.7504° W,42877,33721,27843,18577,44268,34798,19003,Tisbury,Tisbury
42.1419° N,72.3113° W,3,0,0,0,2,0,0,Tolland,Tolland
42.5912° N,70.9391° W,7268,5134,3454,3007,7211,4830,3012,Topsfield,Topsfield
42.6564° N,71.6553° W,1081,569,587,556,1006,704,184,Townsend,Townsend
42.0347° N,70.1918° W,3485,2674,1933,908,5608,4897,2506,Truro,Truro
42.6644° N,71.4709° W,27487,19277,11915,9406,20438,13040,8791,Tyngsborough,Tyngsborough
42.2966° N,73.1984° W,7,0,3,1,10,13,13,Tyringham,Tyringham
42.1911° N,71.6209° W,3175,2099,1417,1663,3735,2392,1367,Upton,Upton
42.0702° N,71.6044° W,5103,4304,2682,2600,5418,3288,2055,Uxbridge,Uxbridge
42.5056° N,71.0733° W,134753,96902,65749,54541,127659,97261,68332,Wakefield,Wakefield
42.1939° N,72.3052° W,11,9,4,2,16,9,4,Wales,Wales
42.0651° N,71.2653° W,90649,62339,42324,34570,74262,55839,31775,Walpole,Walpole
42.3765° N,71.2357° W,941527,705960,445177,409040,1085234,922776,711420,Waltham,Waltham
42.2203° N,72.2516° W,425,150,92,167,559,490,258,Ware,Ware
41.7420° N,70.6235° W,31095,20990,17482,16459,25652,11825,4997,Wareham,Wareham
42.2959° N,72.1781° W,202,121,82,72,157,148,76,Warren,Warren
42.5943° N,72.7143° W,0,1,0,0,0,0,0,Warwick,Warwick
42.2963° N,73.2495° W,13,13,3,5,27,16,18,Washington,Washington
42.3625° N,71.1847° W,556964,435934,289571,247368,632566,565760,469122,Watertown,Watertown
42.3612° N,71.3455° W,32323,22557,13909,12329,35895,29368,20880,Wayland,Wayland
42.0695° N,71.8582° W,18126,11422,5359,6373,10699,7854,3533,Webster,Webster
42.2960° N,71.2920° W,264551,206461,114011,95461,297449,248019,193377,Wellesley,Wellesley
41.9572° N,70.0224° W,3739,3629,2288,1996,7699,6314,4552,Wellfleet,Wellfleet
42.5410° N,72.5364° W,16,1,1,2,2,8,3,Wendell,Wendell
42.6042° N,70.8871° W,9055,6441,3458,3169,9146,7126,5419,Wenham,Wenham
42.3635° N,71.7405° W,19131,12940,8562,7924,14937,9429,6135,West Boylston,West Boylston
42.0234° N,70.9972° W,33073,21673,16822,13884,22162,15218,7800,West Bridgewater,West Bridgewater
42.2126° N,72.1877° W,122,85,28,39,161,102,57,West Brookfield,West Brookfield
42.7743° N,70.9256° W,1974,1370,1039,658,2406,1802,1272,West Newbury,West Newbury
42.1015° N,72.5898° W,115687,77208,43442,46719,111231,82955,48288,West Springfield,West Springfield
42.2853° N,73.3656° W,29,20,7,17,113,163,90,West Stockbridge,West Stockbridge
41.3884° N,70.7071° W,15263,13181,9650,4700,13306,9745,5515,West Tisbury,West Tisbury
42.2681° N,71.6351° W,112523,78545,47406,38431,91227,75544,52774,Westborough,Westborough
42.1155° N,72.7496° W,25348,15257,7268,15126,48056,41549,28502,Westfield,Westfield
42.5853° N,71.4350° W,44337,32019,18557,13644,32361,22752,13471,Westford,Westford
42.2897° N,72.6970° W,129,26,7,37,180,166,130,Westhampton,Westhampton
42.5219° N,71.8669° W,3391,2339,1612,1885,3311,1862,878,Westminster,Westminster
42.3644° N,71.3662° W,62906,44171,25611,21750,74780,61691,48574,Weston,Weston
41.6362° N,71.1043° W,12149,8475,7344,5561,6744,3739,2214,Westport,Westport
42.2127° N,71.2003° W,124605,83518,48502,40376,105814,81981,53014,Westwood,Westwood
42.2226° N,70.9445° W,382387,275512,199294,172457,307000,225559,157892,Weymouth,Weymouth
42.4717° N,72.6371° W,352,318,142,199,750,567,528,Whately,Whately
42.0163° N,70.9185° W,49938,34740,25776,21149,34037,21609,12950,Whitman,Whitman
42.1065° N,72.4173° W,10213,6587,2591,4873,14530,9658,6751,Wilbraham,Wilbraham
42.3647° N,72.7040° W,204,120,50,115,804,747,552,Williamsburg,Williamsburg
42.7115° N,73.2042° W,312,272,106,124,550,594,428,Williamstown,Williamstown
42.5580° N,71.1478° W,108712,71115,46492,38868,79297,60737,40518,Wilmington,Wilmington
42.7174° N,72.0373° W,443,356,115,98,246,222,125,Winchendon,Winchendon
42.4625° N,71.1374° W,115691,85710,51238,41411,122350,100812,75820,Winchester,Winchester
42.3333° N,73.1852° W,4,5,0,2,1,1,57,Windsor,Windsor
42.3741° N,70.9880° W,159319,122982,78160,71614,169501,139418,103750,Winthrop,Winthrop
42.4791° N,71.1523° W,464208,335303,215878,169235,380875,303055,219975,Woburn,Woburn
42.2626° N,71.8023° W,1812827,1235568,786978,808773,1606509,1266401,848943,Worcester,Worcester
42.3580° N,72.6880° W,1,0,0,1,0,0,1,Worthington,Worthington
42.0231° N,71.2761° W,35128,23274,15574,10422,25592,17603,11096,Wrentham,Wrentham
41.6656° N,70.2270° W,95574,66732,49655,30433,52042,41673,28880,Yarmouth,Yarmouth